<?xml version="1.0" encoding="UTF-8">
<video nombre=ENTREVISTA001>
<clip>  
    <NUM_CLIP>ENTREVISTA001.MOV</NUM_CLIP>
    <Duracion>415</Duracion>
    <FECHA CREACION>2020-11-13 </FECHA CREACION>
    <FORMATO VIDEO>
        <VIDEOFRAME>DV25</VIDEOFRAME>
        <LAYOUT>16:9</LAYOUT>
    </FORMATO VIDEO>
    <FORMATO DE AUDIO>
        <AUDIO_CODEC>LPCM16</AUDIO_CODEC>
        <AUDIO_REC1>CH1</AUDIO_REC1>
        <AUDIO_REC2>CH2</AUDIO_REC2>
        <AUDIO_REC3>CH3</AUDIO_REC3>
        <AUDIO_REC4>CH4</AUDIO_REC4>
    </FORMATO DE AUDIO>
    <DISPOSITIVO>
        <MARCA>SONY</MARCA>
        <MODELO>PMW-200</MODELO>
        <NUM-SERIE>0140472</NUM-SERIE>
    </DISPOSITIVO>
    
</clip>